Feature_Date,Target_Date,Current_Close,Actual_Next_Close,Predicted_Next_Close,Baseline_Prediction
2023-01-12,2023-01-13,131.18353271484375,132.5109863,130.46243769683386,131.18353271484375
2023-01-13,2023-01-17,132.5109863,133.67129516601562,131.36823766270402,132.5109863
2023-01-17,2023-01-18,133.67129516601562,132.95350646972656,132.52603739769305,133.67129516601562
2023-01-18,2023-01-19,132.95350646972656,133.0124969482422,132.54034969086865,132.95350646972656
2023-01-19,2023-01-20,133.0124969482422,135.5690918,132.26627455493033,133.0124969482422
2023-01-20,2023-01-23,135.5690918,138.75502014160156,132.71901173422418,135.5690918
2023-01-23,2023-01-24,138.75502014160156,140.15135192871094,135.33710755766492,138.75502014160156
2023-01-24,2023-01-25,140.15135192871094,139.49252319335938,136.6419419401839,140.15135192871094
2023-01-25,2023-01-26,139.49252319335938,141.55746459960938,136.57867588746646,139.49252319335938
2023-01-26,2023-01-27,141.55746459960938,143.49459838867188,137.9355321924587,141.55746459960938
2023-01-27,2023-01-30,143.49459838867188,140.6134796142578,139.1544396124063,143.49459838867188
2023-01-30,2023-01-31,140.6134796142578,141.88194274902344,139.61815920669918,140.6134796142578
2023-01-31,2023-02-01,141.88194274902344,143.0028839111328,139.33961392832902,141.88194274902344
2023-02-01,2023-02-02,143.0028839111328,148.3029785,139.8011483656708,143.0028839111328
2023-02-02,2023-02-03,148.3029785,151.9215545654297,142.49093332170003,148.3029785
2023-02-03,2023-02-06,151.9215545654297,149.19778442382812,144.58689391243124,151.9215545654297
2023-02-06,2023-02-07,149.19778442382812,152.06906127929688,145.51061173596668,149.19778442382812
2023-02-07,2023-02-08,152.06906127929688,149.38461303710938,145.92722084405432,152.06906127929688
2023-02-08,2023-02-09,149.38461303710938,148.35215759277344,146.53877205646765,149.38461303710938
2023-02-09,2023-02-10,148.35215759277344,148.7165069580078,146.97097538373856,148.35215759277344
2023-02-10,2023-02-13,148.7165069580078,151.51339721679688,146.7645322175278,148.7165069580078
2023-02-13,2023-02-14,151.51339721679688,150.8732452392578,147.26589516188588,151.51339721679688
2023-02-14,2023-02-15,150.8732452392578,152.97091674804688,148.14138251866248,150.8732452392578
2023-02-15,2023-02-16,152.97091674804688,151.3755340576172,148.75872528553214,152.97091674804688
2023-02-16,2023-02-17,151.3755340576172,150.2331543,149.58500498777963,151.3755340576172
2023-02-17,2023-02-21,150.2331543,146.22496032714844,149.09516438770441,150.2331543
2023-02-21,2023-02-22,146.22496032714844,146.64842224121094,147.90538180765265,146.22496032714844
2023-02-22,2023-02-23,146.64842224121094,147.13096618652344,147.40712331952798,146.64842224121094
2023-02-23,2023-02-24,147.13096618652344,144.48184204101562,147.69865995034797,147.13096618652344
2023-02-24,2023-02-27,144.48184204101562,145.67343139648438,146.31177736182684,144.48184204101562
2023-02-27,2023-02-28,145.67343139648438,145.17120361328125,146.59735999914517,145.67343139648438
2023-02-28,2023-03-01,145.17120361328125,143.1031036376953,146.40374168286482,145.17120361328125
2023-03-01,2023-03-02,143.1031036376953,143.69398498535156,145.6737769675125,143.1031036376953
2023-03-02,2023-03-03,143.69398498535156,148.73623657226562,145.39548375886,143.69398498535156
2023-03-03,2023-03-06,148.73623657226562,151.49368286132812,146.77821739711246,148.73623657226562
2023-03-06,2023-03-07,151.49368286132812,149.29757690429688,149.48985982265725,151.49368286132812
2023-03-07,2023-03-08,149.29757690429688,150.5482635498047,148.70356813326936,149.29757690429688
2023-03-08,2023-03-09,150.5482635498047,148.3029022216797,148.40074653883656,150.5482635498047
2023-03-09,2023-03-10,148.3029022216797,146.24464416503906,148.45481799330935,148.3029022216797
2023-03-10,2023-03-13,146.24464416503906,148.18472290039062,147.15776194344627,146.24464416503906
2023-03-13,2023-03-14,148.18472290039062,150.27247619628906,147.56712867554054,148.18472290039062
2023-03-14,2023-03-15,150.27247619628906,150.6664276123047,148.46293984321656,150.27247619628906
2023-03-15,2023-03-16,150.6664276123047,153.4830322265625,148.63700704794334,150.6664276123047
2023-03-16,2023-03-17,153.4830322265625,152.64593505859375,149.53720840627497,153.4830322265625
2023-03-17,2023-03-20,152.64593505859375,155.00946044921875,150.80162118575075,152.64593505859375
2023-03-20,2023-03-21,155.00946044921875,156.86093139648438,151.69610200997084,155.00946044921875
2023-03-21,2023-03-22,156.86093139648438,155.4329376220703,152.9522937286965,156.86093139648438
2023-03-22,2023-03-23,155.4329376220703,156.5161895751953,153.94772986134438,155.4329376220703
2023-03-23,2023-03-24,156.5161895751953,157.81617736816406,153.9877002043503,156.5161895751953
2023-03-24,2023-03-27,157.81617736816406,155.87611389160156,153.9804847429335,157.81617736816406
2023-03-27,2023-03-28,155.87611389160156,155.2556610107422,154.69762439537593,155.87611389160156
2023-03-28,2023-03-29,155.2556610107422,158.32833862304688,154.31014925108775,155.2556610107422
2023-03-29,2023-03-30,158.32833862304688,159.89414978027344,155.38277473141176,158.32833862304688
2023-03-30,2023-03-31,159.89414978027344,162.39556884765625,157.08936876277576,159.89414978027344
2023-03-31,2023-04-03,162.39556884765625,163.64625549316406,158.10998052119518,162.39556884765625
2023-04-03,2023-04-04,163.64625549316406,163.114502,159.34201320496243,163.64625549316406
2023-04-04,2023-04-05,163.114502,161.27288818359375,160.1450709809468,163.114502
2023-04-05,2023-04-06,161.27288818359375,162.15924072265625,159.39453449295854,161.27288818359375
2023-04-06,2023-04-10,162.15924072265625,159.56915283203125,159.49327165661896,162.15924072265625
2023-04-10,2023-04-11,159.56915283203125,158.3578338623047,159.1848274672569,159.56915283203125
2023-04-11,2023-04-12,158.3578338623047,157.66847229003906,158.95944932014808,158.3578338623047
2023-04-12,2023-04-13,157.66847229003906,163.04559326171875,158.45382962156276,157.66847229003906
2023-04-13,2023-04-14,163.04559326171875,162.7008819580078,159.7956461383243,163.04559326171875
2023-04-14,2023-04-17,162.7008819580078,162.7205810546875,161.43659735395954,162.7008819580078
2023-04-17,2023-04-18,162.7205810546875,163.94174194335938,161.4812459576341,162.7205810546875
2023-04-18,2023-04-19,163.94174194335938,165.08412170410156,162.17580079277047,163.94174194335938
2023-04-19,2023-04-20,165.08412170410156,164.1189727783203,162.43404762593985,165.08412170410156
2023-04-20,2023-04-21,164.1189727783203,162.5137481689453,162.9033601892156,164.1189727783203
2023-04-21,2023-04-24,162.5137481689453,162.8190460205078,162.32754038331663,162.5137481689453
2023-04-24,2023-04-25,162.8190460205078,161.28273010253906,161.85904024138011,162.8190460205078
2023-04-25,2023-04-26,161.28273010253906,161.27288818359375,161.83834413929125,161.28273010253906
2023-04-26,2023-04-27,161.27288818359375,165.85227966308594,161.33687926533685,161.27288818359375
2023-04-27,2023-04-28,165.85227966308594,167.10293579101562,163.18861669107145,165.85227966308594
2023-04-28,2023-05-01,167.10293579101562,167.01431274414062,164.52102842231778,167.10293579101562
2023-05-01,2023-05-02,167.01431274414062,165.98028564453125,164.9928179178656,167.01431274414062
2023-05-02,2023-05-03,165.98028564453125,164.90682983398438,164.85975641555865,165.98028564453125
2023-05-03,2023-05-04,164.90682983398438,163.27207946777344,164.69416811964732,164.90682983398438
2023-05-04,2023-05-05,163.27207946777344,170.9339141845703,163.52980069967438,163.27207946777344
2023-05-05,2023-05-08,170.9339141845703,170.86497497558594,166.29908016451785,170.9339141845703
2023-05-08,2023-05-09,170.86497497558594,169.16123962402344,167.78129962176266,170.86497497558594
2023-05-09,2023-05-10,169.16123962402344,170.92404174804688,167.42769222551598,169.16123962402344
2023-05-10,2023-05-11,170.92404174804688,171.1111602783203,167.49319097727732,170.92404174804688
2023-05-11,2023-05-12,171.1111602783203,170.1841583251953,168.34515706005612,171.1111602783203
2023-05-12,2023-05-15,170.1841583251953,169.69107055664062,169.2423853732753,170.1841583251953
2023-05-15,2023-05-16,169.69107055664062,169.69107055664062,169.08745267880747,169.69107055664062
2023-05-16,2023-05-17,169.69107055664062,170.3024902,168.67788352911003,169.69107055664062
2023-05-17,2023-05-18,170.3024902,172.62986755371094,168.6329933949272,170.3024902
2023-05-18,2023-05-19,172.62986755371094,172.73834228515625,169.49529883443245,172.62986755371094
2023-05-19,2023-05-22,172.73834228515625,171.79161071777344,171.41739940398742,172.73834228515625
2023-05-22,2023-05-23,171.79161071777344,169.18809509277344,170.80600158166817,171.79161071777344
2023-05-23,2023-05-24,169.18809509277344,169.46424865722656,169.8093822437743,169.18809509277344
2023-05-24,2023-05-25,169.46424865722656,170.59837341308594,169.51275417713208,169.46424865722656
2023-05-25,2023-05-26,170.59837341308594,173.00460815429688,170.4112482741246,170.59837341308594
2023-05-26,2023-05-30,173.00460815429688,174.8487548828125,171.257285985062,173.00460815429688
2023-05-30,2023-05-31,174.8487548828125,174.79945373535156,172.7874715923935,174.8487548828125
2023-05-31,2023-06-01,174.79945373535156,177.60018920898438,172.71016790006303,174.79945373535156
2023-06-01,2023-06-02,177.60018920898438,178.44830322265625,173.50537397319854,177.60018920898438
2023-06-02,2023-06-05,178.44830322265625,177.0972442626953,175.2594985269607,178.44830322265625
2023-06-05,2023-06-06,177.0972442626953,176.73236083984375,175.72546953784334,177.0972442626953
2023-06-06,2023-06-07,176.73236083984375,175.36158752441406,175.03692502705633,176.73236083984375
2023-06-07,2023-06-08,175.36158752441406,178.0735626220703,174.58374673040672,175.36158752441406
2023-06-08,2023-06-09,178.0735626220703,178.45816040039062,175.12711855789547,178.0735626220703
2023-06-09,2023-06-12,178.45816040039062,181.2490081787109,176.6685004468026,178.45816040039062
2023-06-12,2023-06-13,181.2490081787109,180.7756500244141,177.42586673521654,181.2490081787109
2023-06-13,2023-06-14,180.7756500244141,181.4068298339844,178.29910677468365,180.7756500244141
2023-06-14,2023-06-15,181.4068298339844,183.43833923339844,178.29832649386177,181.4068298339844
2023-06-15,2023-06-16,183.43833923339844,182.3634185791016,179.7858448600768,183.43833923339844
2023-06-16,2023-06-20,182.3634185791016,182.45216369628903,180.39019266844733,182.3634185791016
2023-06-20,2023-06-21,182.45216369628903,181.4166717529297,180.41156835051183,182.45216369628903
2023-06-21,2023-06-22,181.4166717529297,184.4146423339844,180.10010009411195,181.4166717529297
2023-06-22,2023-06-23,184.4146423339844,184.0990600585937,180.54448556682073,184.4146423339844
2023-06-23,2023-06-26,184.0990600585937,182.70855712890625,181.89996716940306,184.0990600585937
2023-06-26,2023-06-27,182.70855712890625,185.4600067138672,181.98449283016006,182.70855712890625
2023-06-27,2023-06-28,185.4600067138672,186.6335601806641,182.54666517126228,185.4600067138672
2023-06-28,2023-06-29,186.6335601806641,186.9688415527344,183.52996914218323,186.6335601806641
2023-06-29,2023-06-30,186.9688415527344,191.28826904296875,184.5262455259356,186.9688415527344
2023-06-30,2023-07-03,191.28826904296875,189.79916381835932,186.23488130557212,191.28826904296875
2023-07-03,2023-07-05,189.79916381835932,188.684799194336,186.83755486853318,189.79916381835932
2023-07-05,2023-07-06,188.684799194336,189.1581573486328,186.45746380127923,188.684799194336
2023-07-06,2023-07-07,189.1581573486328,188.0437469482422,186.08797433260256,189.1581573486328
2023-07-07,2023-07-10,188.0437469482422,186.0023803710937,186.8656380338073,188.0437469482422
2023-07-10,2023-07-11,186.0023803710937,185.47970581054688,186.12710336690387,186.0023803710937
2023-07-11,2023-07-12,185.47970581054688,187.14637756347656,185.52266929133418,185.47970581054688
2023-07-12,2023-07-13,187.14637756347656,187.9057006835937,186.37810484947474,187.14637756347656
2023-07-13,2023-07-14,187.9057006835937,188.0536499023437,187.16602064594616,187.9057006835937
2023-07-14,2023-07-17,188.0536499023437,191.3080291748047,187.21817737619338,188.0536499023437
2023-07-17,2023-07-18,191.3080291748047,191.0515899658203,188.68600168482863,191.3080291748047
2023-07-18,2023-07-19,191.0515899658203,192.40267944335932,189.13817944919722,191.0515899658203
2023-07-19,2023-07-20,192.40267944335932,190.4598999023437,189.73386152496226,192.40267944335932
2023-07-20,2023-07-21,190.4598999023437,189.28634643554688,189.98657895537974,190.4598999023437
2023-07-21,2023-07-24,189.28634643554688,190.08514404296875,189.13911327076264,189.28634643554688
2023-07-24,2023-07-25,190.08514404296875,190.9431152,189.44249514715668,190.08514404296875
2023-07-25,2023-07-26,190.9431152,191.8109893798828,189.67049218309234,190.9431152
2023-07-26,2023-07-27,191.8109893798828,190.54867553710932,190.45574491730585,191.8109893798828
2023-07-27,2023-07-28,190.54867553710932,193.1225586,190.7038944824161,190.54867553710932
2023-07-28,2023-07-31,193.1225586,193.73399353027344,190.77067167238616,193.1225586
2023-07-31,2023-08-01,193.73399353027344,192.90562438964844,191.93428748349493,193.73399353027344
2023-08-01,2023-08-02,192.90562438964844,189.9174805,192.1036420267499,192.90562438964844
2023-08-02,2023-08-03,189.9174805,188.52700805664065,191.239916557453,189.9174805
2023-08-03,2023-08-04,188.52700805664065,179.47393798828125,189.56047033050692,188.52700805664065
2023-08-04,2023-08-07,179.47393798828125,176.3773651123047,186.1505062610345,179.47393798828125
2023-08-07,2023-08-08,176.3773651123047,177.31419372558594,183.65751902440465,176.3773651123047
2023-08-08,2023-08-09,177.31419372558594,175.72647094726562,182.94212502219355,177.31419372558594
2023-08-09,2023-08-10,175.72647094726562,175.50949096679688,182.75256375511924,175.72647094726562
2023-08-10,2023-08-11,175.50949096679688,175.56874084472656,182.10125132585358,175.50949096679688
2023-08-11,2023-08-14,175.56874084472656,177.21788024902344,180.79346677010875,175.56874084472656
2023-08-14,2023-08-15,177.21788024902344,175.23300170898438,180.93593209761582,177.21788024902344
2023-08-15,2023-08-16,175.23300170898438,174.36398315429688,180.8645570630309,175.23300170898438
2023-08-16,2023-08-17,174.36398315429688,171.82608032226562,179.559760584234,174.36398315429688
2023-08-17,2023-08-18,171.82608032226562,172.3099822998047,178.37480041677964,171.82608032226562
2023-08-18,2023-08-21,172.3099822998047,173.6431121826172,176.0968172845588,172.3099822998047
2023-08-21,2023-08-22,173.6431121826172,175.01573181152344,176.70696954096982,173.6431121826172
2023-08-22,2023-08-23,175.01573181152344,178.85714721679688,177.47196186133718,175.01573181152344
2023-08-23,2023-08-24,178.85714721679688,174.17637634277344,178.4787615107991,178.85714721679688
2023-08-24,2023-08-25,174.17637634277344,176.37850952148438,177.90558273830516,174.17637634277344
2023-08-25,2023-08-28,176.37850952148438,177.93875122070312,176.99554762829803,176.37850952148438
2023-08-28,2023-08-29,177.93875122070312,181.8196563720703,178.42646126731245,177.93875122070312
2023-08-29,2023-08-30,181.8196563720703,185.3055419921875,179.41366909474655,181.8196563720703
2023-08-30,2023-08-31,185.3055419921875,185.52279663085932,181.97472406501228,185.3055419921875
2023-08-31,2023-09-01,185.52279663085932,187.09295654296875,182.32633836774886,185.52279663085932
2023-09-01,2023-09-05,187.09295654296875,187.32994079589844,183.29162639476118,187.09295654296875
2023-09-05,2023-09-06,187.32994079589844,180.6248016357422,183.68874110201466,187.32994079589844
2023-09-06,2023-09-07,180.6248016357422,175.34161376953125,182.65752234460592,180.6248016357422
2023-09-07,2023-09-08,175.34161376953125,175.95387268066406,178.48492136457577,175.34161376953125
2023-09-08,2023-09-11,175.95387268066406,177.1191406,178.6683936534554,175.95387268066406
2023-09-11,2023-09-12,177.1191406,174.0973663330078,179.44902343882654,177.1191406
2023-09-12,2023-09-13,174.0973663330078,172.03346252441406,178.9100315659844,174.0973663330078
2023-09-13,2023-09-14,172.03346252441406,173.54434204101562,177.25836794419743,172.03346252441406
2023-09-14,2023-09-15,173.54434204101562,172.82347106933594,176.6005481669332,173.54434204101562
2023-09-15,2023-09-18,172.82347106933594,175.7465057373047,176.89283617122308,172.82347106933594
2023-09-18,2023-09-19,175.7465057373047,176.8327637,178.18539576323113,175.7465057373047
2023-09-19,2023-09-20,176.8327637,173.2974853515625,178.6262524025653,176.8327637
2023-09-20,2023-09-21,173.2974853515625,171.75694274902344,177.33173107295084,173.2974853515625
2023-09-21,2023-09-22,171.75694274902344,172.60623168945312,175.18556718704326,171.75694274902344
2023-09-22,2023-09-25,172.60623168945312,173.88011169433594,175.2033910571965,172.60623168945312
2023-09-25,2023-09-26,173.88011169433594,169.81161499023438,175.83968207806487,173.88011169433594
2023-09-26,2023-09-27,169.81161499023438,168.30072021484375,174.7487116193544,169.81161499023438
2023-09-27,2023-09-28,168.30072021484375,168.5574493408203,172.60690772966043,168.30072021484375
2023-09-28,2023-09-29,168.5574493408203,169.0709686279297,171.73672853649285,168.5574493408203
2023-09-29,2023-10-02,169.0709686279297,171.57920837402344,172.4149541086975,169.0709686279297
2023-10-02,2023-10-03,171.57920837402344,170.24607849121094,173.2068098295414,171.57920837402344
2023-10-03,2023-10-04,170.24607849121094,171.49034118652344,172.90324423413858,170.24607849121094
2023-10-04,2023-10-05,171.49034118652344,172.7247314453125,172.17732565562585,171.49034118652344
2023-10-05,2023-10-06,172.7247314453125,175.2725067138672,172.8899268740241,172.7247314453125
2023-10-06,2023-10-09,175.2725067138672,176.75375366210938,173.73349322344797,175.2725067138672
2023-10-09,2023-10-10,176.75375366210938,176.1612548828125,175.35294097367847,176.75375366210938
2023-10-10,2023-10-11,176.1612548828125,177.5536346435547,175.26142795726662,176.1612548828125
2023-10-11,2023-10-12,177.5536346435547,178.45228576660156,175.29075428600402,177.5536346435547
2023-10-12,2023-10-13,178.45228576660156,176.6155242919922,176.31738120257887,178.45228576660156
2023-10-13,2023-10-16,176.6155242919922,176.48712158203125,176.5779061620998,176.6155242919922
2023-10-16,2023-10-17,176.48712158203125,174.93675231933594,175.78598125835407,176.48712158203125
2023-10-17,2023-10-18,174.93675231933594,173.6431121826172,175.08450604075026,174.93675231933594
2023-10-18,2023-10-19,173.6431121826172,173.26785278320312,174.88581347096363,173.6431121826172
2023-10-19,2023-10-20,173.26785278320312,170.72012329101562,175.0105714309772,173.26785278320312
2023-10-20,2023-10-23,170.72012329101562,170.83859252929688,174.09823869141306,170.72012329101562
2023-10-23,2023-10-24,170.83859252929688,171.27310180664062,173.0568983456239,170.83859252929688
2023-10-24,2023-10-25,171.27310180664062,168.96234130859375,173.28043233435534,171.27310180664062
2023-10-25,2023-10-26,168.96234130859375,164.8049316,172.73507892420636,168.96234130859375
2023-10-26,2023-10-27,164.8049316,166.1183319091797,171.09614906593646,164.8049316
2023-10-27,2023-10-30,166.1183319091797,168.1624298095703,169.7766674900458,166.1183319091797
2023-10-30,2023-10-31,168.1624298095703,168.63644409179688,170.85032197651677,168.1624298095703
2023-10-31,2023-11-01,168.63644409179688,171.7964630126953,170.91593336571864,168.63644409179688
2023-11-01,2023-11-02,171.7964630126953,175.3515167236328,171.65885306654172,171.7964630126953
2023-11-02,2023-11-03,175.3515167236328,174.4429931640625,173.28593507842683,175.3515167236328
2023-11-03,2023-11-06,174.4429931640625,176.99075317382812,172.95687966276938,174.4429931640625
2023-11-06,2023-11-07,176.99075317382812,179.54843139648438,174.2829890705154,176.99075317382812
2023-11-07,2023-11-08,179.54843139648438,180.60501098632807,175.8884436082987,179.54843139648438
2023-11-08,2023-11-09,180.60501098632807,180.13101196289062,177.22565191693923,180.60501098632807
2023-11-09,2023-11-10,180.13101196289062,184.3136749267578,177.36994114775797,180.13101196289062
2023-11-10,2023-11-13,184.3136749267578,182.73159790039065,178.46840231262703,184.3136749267578
2023-11-13,2023-11-14,182.73159790039065,185.3420562744141,179.6003611153893,182.73159790039065
2023-11-14,2023-11-15,185.3420562744141,185.9056701660156,180.7020965780228,185.3420562744141
2023-11-15,2023-11-16,185.9056701660156,187.58663940429688,181.96218095929927,185.9056701660156
2023-11-16,2023-11-17,187.58663940429688,187.5668487548828,183.1069470129885,187.58663940429688
2023-11-17,2023-11-20,187.5668487548828,189.30715942382807,183.78981066897586,187.5668487548828
2023-11-20,2023-11-21,189.30715942382807,188.50621032714844,184.51015212905654,189.30715942382807
2023-11-21,2023-11-22,188.50621032714844,189.16873168945312,185.4601331718752,188.50621032714844
2023-11-22,2023-11-24,189.16873168945312,187.8437347412109,186.05422911067646,189.16873168945312
2023-11-24,2023-11-27,187.8437347412109,187.66574096679688,185.87219171052922,187.8437347412109
2023-11-27,2023-11-28,187.66574096679688,188.26889038085932,186.08493756746222,187.66574096679688
2023-11-28,2023-11-29,188.26889038085932,187.2504272460937,186.38227018449973,188.26889038085932
2023-11-29,2023-11-30,187.2504272460937,187.823959350586,186.83913088887678,187.2504272460937
2023-11-30,2023-12-01,187.823959350586,189.0995178222656,186.62148924428647,187.823959350586
2023-12-01,2023-12-04,189.0995178222656,187.3097686767578,187.29964705005582,189.0995178222656
2023-12-04,2023-12-05,187.3097686767578,191.25509643554688,186.93543860039804,187.3097686767578
2023-12-05,2023-12-06,191.25509643554688,190.1673889160156,188.2684696394029,191.25509643554688
2023-12-06,2023-12-07,190.1673889160156,192.0956115722656,189.30369485032796,190.1673889160156
2023-12-07,2023-12-08,192.0956115722656,193.5195159912109,189.71710695699724,192.0956115722656
2023-12-08,2023-12-11,193.5195159912109,191.01779174804688,190.37404486983712,193.5195159912109
2023-12-11,2023-12-12,191.01779174804688,192.5307159423828,189.446401141833,191.01779174804688
2023-12-12,2023-12-13,192.5307159423828,195.74429321289065,190.14724799498742,192.5307159423828
2023-12-13,2023-12-14,195.74429321289065,195.89259338378903,191.4048630001479,195.74429321289065
2023-12-14,2023-12-15,195.89259338378903,195.35867309570312,192.82720467437053,195.89259338378903
2023-12-15,2023-12-18,195.35867309570312,193.6974639892578,192.81564996898442,195.35867309570312
2023-12-18,2023-12-19,193.6974639892578,194.73570251464844,191.83535544804656,193.6974639892578
2023-12-19,2023-12-20,194.73570251464844,192.6493225097656,192.70778635707353,194.73570251464844
2023-12-20,2023-12-21,192.6493225097656,192.50103759765625,192.89366179505592,192.6493225097656
2023-12-21,2023-12-22,192.50103759765625,191.4331055,192.6553362781034,192.50103759765625
2023-12-22,2023-12-26,191.4331055,190.8892517089844,192.35786401468252,191.4331055
2023-12-26,2023-12-27,190.8892517089844,190.98812866210932,191.43663405528662,190.8892517089844
2023-12-27,2023-12-28,190.98812866210932,191.4133301,191.2882171646075,190.98812866210932
2023-12-28,2023-12-29,191.4133301,190.37506103515625,192.12257139831098,191.4133301
2023-12-29,2024-01-02,190.37506103515625,183.56219482421875,191.8623958151066,190.37506103515625
2024-01-02,2024-01-03,183.56219482421875,182.1877441,188.38844868050424,183.56219482421875
2024-01-03,2024-01-04,182.1877441,179.87393188476562,186.66447462926178,182.1877441
2024-01-04,2024-01-05,179.87393188476562,179.15208435058594,185.46556581578568,179.87393188476562
2024-01-05,2024-01-08,179.15208435058594,183.4830780029297,184.80898939890022,179.15208435058594
2024-01-08,2024-01-09,183.4830780029297,183.06776428222656,185.552411139065,183.4830780029297
2024-01-09,2024-01-10,183.06776428222656,184.10601806640625,185.43868263448994,183.06776428222656
2024-01-10,2024-01-11,184.10601806640625,183.5127716064453,185.59477746189333,184.10601806640625
2024-01-11,2024-01-12,183.5127716064453,183.8390350341797,185.65564478447223,183.5127716064453
2024-01-12,2024-01-16,183.8390350341797,181.57467651367188,185.67229938577302,183.8390350341797
2024-01-16,2024-01-17,181.57467651367188,180.6352996826172,184.50056111389338,181.57467651367188
2024-01-17,2024-01-18,180.6352996826172,186.51873779296875,183.0283524273061,180.6352996826172
2024-01-18,2024-01-19,186.51873779296875,189.4159240722656,185.22317495789815,186.51873779296875
2024-01-19,2024-01-22,189.4159240722656,191.71983337402344,186.90427655870695,189.4159240722656
2024-01-22,2024-01-23,191.71983337402344,192.9954071044922,188.5724005218431,191.71983337402344
2024-01-23,2024-01-24,192.9954071044922,192.32302856445312,189.81639578154852,192.9954071044922
2024-01-24,2024-01-25,192.32302856445312,191.9967041015625,189.88751808660874,192.32302856445312
2024-01-25,2024-01-26,191.9967041015625,190.2662811279297,190.40173252725495,191.9967041015625
2024-01-26,2024-01-29,190.2662811279297,189.5840301513672,190.08402025790306,190.2662811279297
2024-01-29,2024-01-30,189.5840301513672,185.9353179931641,189.3069745274295,189.5840301513672
2024-01-30,2024-01-31,185.9353179931641,182.3360595703125,188.26971262210282,185.9353179931641
2024-01-31,2024-02-01,182.3360595703125,184.7685547,185.97138157395037,182.3360595703125
2024-02-01,2024-02-02,184.7685547,183.76980590820312,186.0211310500724,184.7685547
2024-02-02,2024-02-05,183.76980590820312,185.5793609619141,185.27399902701254,183.76980590820312
2024-02-05,2024-02-06,185.5793609619141,187.18121337890625,187.53362510806932,185.5793609619141
2024-02-06,2024-02-07,187.18121337890625,187.2899780273437,187.7362410271987,187.18121337890625
2024-02-07,2024-02-08,187.2899780273437,186.21221923828125,188.24028183237806,187.2899780273437
2024-02-08,2024-02-09,186.21221923828125,186.9745483398437,187.98436889391812,186.21221923828125
2024-02-09,2024-02-12,186.9745483398437,185.29139709472656,187.76232506263548,186.9745483398437
2024-02-12,2024-02-13,185.29139709472656,183.2023926,187.49905418937405,185.29139709472656
2024-02-13,2024-02-14,183.2023926,182.3212280273437,185.87013818599402,183.2023926
2024-02-14,2024-02-15,182.3212280273437,182.0340881347656,184.91336015204632,182.3212280273437
2024-02-15,2024-02-16,182.0340881347656,180.49948120117188,184.42383453395766,182.0340881347656
2024-02-16,2024-02-20,180.49948120117188,179.7569122314453,184.2475802399769,180.49948120117188
2024-02-20,2024-02-21,179.7569122314453,180.5094146728516,183.26938015425355,179.7569122314453
2024-02-21,2024-02-22,180.5094146728516,182.53903198242188,183.31104072331385,180.5094146728516
2024-02-22,2024-02-23,182.53903198242188,180.70741271972656,184.00711077495234,182.53903198242188
2024-02-23,2024-02-26,180.70741271972656,179.3609161376953,183.97506451649082,180.70741271972656
2024-02-26,2024-02-27,179.3609161376953,180.81629943847656,182.73044300690148,179.3609161376953
2024-02-27,2024-02-28,180.81629943847656,179.61834716796875,182.2283826713072,180.81629943847656
2024-02-28,2024-02-29,179.61834716796875,178.95498657226562,182.1826062215431,179.61834716796875
2024-02-29,2024-03-01,178.95498657226562,177.87582397460938,181.42131835894497,178.95498657226562
2024-03-01,2024-03-04,177.87582397460938,173.36109924316406,180.53083242108232,177.87582397460938
2024-03-04,2024-03-05,173.36109924316406,168.4305419921875,178.28117054836682,173.36109924316406
2024-03-05,2024-03-06,168.4305419921875,167.4404754638672,175.51449203668454,168.4305419921875
2024-03-06,2024-03-07,167.4404754638672,167.32167053222656,174.59391646460048,167.4404754638672
2024-03-07,2024-03-08,167.32167053222656,169.03451538085938,174.1564455091209,167.32167053222656
2024-03-08,2024-03-11,169.03451538085938,171.0344238,174.21969816181,169.03451538085938
2024-03-11,2024-03-12,171.0344238,171.5096435546875,174.7527409780871,171.0344238
2024-03-12,2024-03-13,171.5096435546875,169.4305419921875,174.39548246938597,171.5096435546875
2024-03-13,2024-03-14,169.4305419921875,171.28195190429688,173.71660785845776,169.4305419921875
2024-03-14,2024-03-15,171.28195190429688,170.90573120117188,173.71049435275654,171.28195190429688
2024-03-15,2024-03-18,170.90573120117188,171.99478149414062,173.08472475591856,170.90573120117188
2024-03-18,2024-03-19,171.99478149414062,174.33135986328125,174.4202638594605,171.99478149414062
2024-03-19,2024-03-20,174.33135986328125,176.89561462402344,174.03552683690867,174.33135986328125
2024-03-20,2024-03-21,176.89561462402344,169.66810607910156,174.81682603243135,176.89561462402344
2024-03-21,2024-03-22,169.66810607910156,170.56907653808594,173.73568177394105,169.66810607910156
2024-03-22,2024-03-25,170.56907653808594,169.15330505371094,172.06479773369983,170.56907653808594
2024-03-25,2024-03-26,169.15330505371094,168.0246124267578,172.0105135027268,169.15330505371094
2024-03-26,2024-03-27,168.0246124267578,171.58885192871094,171.81286821293895,168.0246124267578
2024-03-27,2024-03-28,171.58885192871094,169.7770538330078,172.41059566874466,171.58885192871094
2024-03-28,2024-04-01,169.7770538330078,168.34144592285156,171.94143060816867,169.7770538330078
2024-04-01,2024-04-02,168.34144592285156,167.1632537841797,171.3438397240965,168.34144592285156
2024-04-02,2024-04-03,167.1632537841797,167.96522521972656,170.33715038900866,167.1632537841797
2024-04-03,2024-04-04,167.96522521972656,167.1434783935547,170.54067972231064,167.96522521972656
2024-04-04,2024-04-05,167.1434783935547,167.89593505859375,171.4704253864654,167.1434783935547
2024-04-05,2024-04-08,167.89593505859375,166.7771453857422,170.21424477808418,167.89593505859375
2024-04-08,2024-04-09,166.7771453857422,167.98500061035156,169.7922361266317,166.7771453857422
2024-04-09,2024-04-10,167.98500061035156,166.11378479003906,169.50311680364615,167.98500061035156
2024-04-10,2024-04-11,166.11378479003906,173.30165100097656,169.04780296343316,166.11378479003906
2024-04-11,2024-04-12,173.30165100097656,174.7967071533203,170.55861814220242,173.30165100097656
2024-04-12,2024-04-15,174.7967071533203,170.9750213623047,172.98595167889613,174.7967071533203
2024-04-15,2024-04-16,170.9750213623047,167.69789123535156,172.27234722680984,170.9750213623047
2024-04-16,2024-04-17,167.69789123535156,166.33160400390625,170.2544205389197,167.69789123535156
2024-04-17,2024-04-18,166.33160400390625,165.3811035,169.00497945838933,166.33160400390625
2024-04-18,2024-04-19,165.3811035,163.36138916015625,168.81901423208282,165.3811035
2024-04-19,2024-04-22,163.36138916015625,164.19305419921875,167.82982646277623,163.36138916015625
2024-04-22,2024-04-23,164.19305419921875,165.24252319335938,167.24221309830642,164.19305419921875
2024-04-23,2024-04-24,165.24252319335938,167.3414764404297,167.11829601082852,165.24252319335938
2024-04-24,2024-04-25,167.3414764404297,168.20286560058594,167.595250651326,167.3414764404297
2024-04-25,2024-04-26,168.20286560058594,167.6186981201172,169.24112912481056,168.20286560058594
2024-04-26,2024-04-29,167.6186981201172,171.77699279785156,169.42363005558855,167.6186981201172
2024-04-29,2024-04-30,171.77699279785156,168.6384735107422,170.72306971835158,171.77699279785156
2024-04-30,2024-05-01,168.6384735107422,167.6186981201172,170.13050091766303,168.6384735107422
2024-05-01,2024-05-02,167.6186981201172,171.3116455078125,169.016942858258,167.6186981201172
2024-05-02,2024-05-03,171.3116455078125,181.5588531494141,169.71604890985975,171.3116455078125
2024-05-03,2024-05-06,181.5588531494141,179.90542602539062,175.11827914804925,181.5588531494141
2024-05-06,2024-05-07,179.90542602539062,180.5885772705078,176.0221805413882,179.90542602539062
2024-05-07,2024-05-08,180.5885772705078,180.9252319335937,176.05576522516898,180.5885772705078
2024-05-08,2024-05-09,180.9252319335937,182.737045288086,176.24293029721883,180.9252319335937
2024-05-09,2024-05-10,182.737045288086,181.4779510498047,177.25232542860155,182.737045288086
2024-05-10,2024-05-13,181.4779510498047,184.6802520751953,178.8168850084244,181.4779510498047
2024-05-13,2024-05-14,184.6802520751953,185.82034301757807,179.86744962003394,184.6802520751953
2024-05-14,2024-05-15,185.82034301757807,188.09066772460932,180.82890803583072,185.82034301757807
2024-05-15,2024-05-16,188.09066772460932,188.20965576171875,181.65001338694006,188.09066772460932
2024-05-16,2024-05-17,188.20965576171875,188.2393798828125,183.3491925808573,188.20965576171875
2024-05-17,2024-05-20,188.2393798828125,189.3993225097656,184.40928839761102,188.2393798828125
2024-05-20,2024-05-21,189.3993225097656,190.69810485839844,184.97649464521217,189.3993225097656
2024-05-21,2024-05-22,190.69810485839844,189.2605438232422,186.13449687038616,190.69810485839844
2024-05-22,2024-05-23,189.2605438232422,185.27505493164065,186.67440758794996,189.2605438232422
2024-05-23,2024-05-24,185.27505493164065,188.34841918945312,185.61371646360763,185.27505493164065
2024-05-24,2024-05-28,188.34841918945312,188.35836791992188,185.45075771849991,188.34841918945312
2024-05-28,2024-05-29,188.35836791992188,188.6557464599609,187.0307063770733,188.35836791992188
2024-05-29,2024-05-30,188.6557464599609,189.64715576171875,187.22843485463488,188.6557464599609
2024-05-30,2024-05-31,189.64715576171875,190.5989227294922,187.8703369822942,189.64715576171875
2024-05-31,2024-06-03,190.5989227294922,192.3636474609375,187.73253813224687,190.5989227294922
2024-06-03,2024-06-04,192.3636474609375,192.680892944336,189.30861988654902,192.3636474609375
2024-06-04,2024-06-05,192.680892944336,194.1878662109375,190.08448137349785,192.680892944336
2024-06-05,2024-06-06,194.1878662109375,192.809799194336,191.0273367917762,194.1878662109375
2024-06-06,2024-06-07,192.809799194336,195.19911193847656,191.0789751143083,192.809799194336
2024-06-07,2024-06-10,195.19911193847656,191.46145629882807,190.8581954306555,195.19911193847656
2024-06-10,2024-06-11,191.46145629882807,205.3709716796875,191.24835986140076,191.46145629882807
2024-06-11,2024-06-12,205.3709716796875,211.2401580810547,193.23245072893826,205.3709716796875
2024-06-12,2024-06-13,211.2401580810547,212.4001007080078,200.17472187247608,211.2401580810547
2024-06-13,2024-06-14,212.4001007080078,210.66514587402344,202.4720002490905,212.4001007080078
2024-06-14,2024-06-17,210.66514587402344,214.8092193603516,202.80447913061172,210.66514587402344
2024-06-17,2024-06-18,214.8092193603516,212.4496459960937,203.53747036979442,214.8092193603516
2024-06-18,2024-06-20,212.4496459960937,207.8792724609375,206.06415055820423,212.4496459960937
2024-06-20,2024-06-21,207.8792724609375,205.7080841064453,204.92689310627716,207.8792724609375
2024-06-21,2024-06-24,205.7080841064453,206.3524627685547,202.84102552526633,205.7080841064453
2024-06-24,2024-06-25,206.3524627685547,207.27452087402344,203.34756802881552,206.3524627685547
2024-06-25,2024-06-26,207.27452087402344,211.4185943603516,204.06630963660993,207.27452087402344
2024-06-26,2024-06-27,211.4185943603516,212.2613067626953,206.9620954703513,211.4185943603516
2024-06-27,2024-06-28,212.2613067626953,208.8111724853516,208.59187869187502,212.2613067626953
2024-06-28,2024-07-01,208.8111724853516,214.88853454589844,208.19502843334834,208.8111724853516
2024-07-01,2024-07-02,214.88853454589844,218.3783264160156,208.63213587320726,214.88853454589844
2024-07-02,2024-07-03,218.3783264160156,219.64730834960932,211.64844755964012,218.3783264160156
2024-07-03,2024-07-05,219.64730834960932,224.39614868164065,213.7068299758124,219.64730834960932
2024-07-05,2024-07-08,224.39614868164065,225.8634796142578,215.18540131570452,224.39614868164065
2024-07-08,2024-07-09,225.8634796142578,226.7160797119141,216.4982394852976,225.8634796142578
2024-07-09,2024-07-10,226.7160797119141,230.97915649414065,218.45388362150862,226.7160797119141
2024-07-10,2024-07-11,230.97915649414065,225.6156311035156,220.69067970930794,230.97915649414065
2024-07-11,2024-07-12,225.6156311035156,228.56008911132807,221.178911092671,225.6156311035156
2024-07-12,2024-07-15,228.56008911132807,232.386947631836,221.87149710714286,228.56008911132807
2024-07-15,2024-07-16,232.386947631836,232.80337524414065,224.4435695044826,232.386947631836
2024-07-16,2024-07-17,232.80337524414065,226.9143829345703,225.67265931558052,232.80337524414065
2024-07-17,2024-07-18,226.9143829345703,222.25473022460932,224.2719413671902,226.9143829345703
2024-07-18,2024-07-19,222.25473022460932,222.3835906982422,222.26913639570367,222.25473022460932
2024-07-19,2024-07-22,222.3835906982422,222.0366211,221.9495086687459,222.3835906982422
2024-07-22,2024-07-23,222.0366211,223.07760620117188,223.0344652571049,222.0366211
2024-07-23,2024-07-24,223.07760620117188,216.66314697265625,223.0380978138639,223.07760620117188
2024-07-24,2024-07-25,216.66314697265625,215.62217712402344,221.42791578716663,216.66314697265625
2024-07-25,2024-07-26,215.62217712402344,216.0881805419922,218.33930725637487,215.62217712402344
2024-07-26,2024-07-29,216.0881805419922,216.36575317382807,218.71020186265037,216.0881805419922
2024-07-29,2024-07-30,216.36575317382807,216.92095947265625,219.06560027765119,216.36575317382807
2024-07-30,2024-07-31,216.92095947265625,220.1727600097656,219.77627190768422,216.92095947265625
2024-07-31,2024-08-01,220.1727600097656,216.48472595214844,219.99930070233864,220.1727600097656
2024-08-01,2024-08-02,216.48472595214844,217.9718170166016,219.32605471839318,216.48472595214844
2024-08-02,2024-08-05,217.9718170166016,207.4727783203125,218.61900568518558,217.9718170166016
2024-08-05,2024-08-06,207.4727783203125,205.45030212402344,211.60126716807372,207.4727783203125
2024-08-06,2024-08-07,205.45030212402344,208.0180511474609,211.33274780142966,205.45030212402344
2024-08-07,2024-08-08,208.0180511474609,211.47808837890625,212.1385357529412,208.0180511474609
2024-08-08,2024-08-09,211.47808837890625,214.38291931152344,213.32798023731536,211.47808837890625
2024-08-09,2024-08-12,214.38291931152344,215.9114532470703,214.76778352348313,214.38291931152344
2024-08-12,2024-08-13,215.9114532470703,219.62364196777344,215.3230735733615,215.9114532470703
2024-08-13,2024-08-14,219.62364196777344,220.0702972412109,216.66547758859505,219.62364196777344
2024-08-14,2024-08-15,220.0702972412109,223.04795837402344,218.18444871990218,220.0702972412109
2024-08-15,2024-08-16,223.04795837402344,224.3680725097656,219.62704206235122,223.04795837402344
2024-08-16,2024-08-19,224.3680725097656,224.20925903320312,220.8695829802648,224.3680725097656
2024-08-19,2024-08-20,224.20925903320312,224.8246459960937,220.13386150338346,224.20925903320312
2024-08-20,2024-08-21,224.8246459960937,224.7154541015625,220.88623932202094,224.8246459960937
2024-08-21,2024-08-22,224.7154541015625,222.85939025878903,221.5117847726385,224.7154541015625
2024-08-22,2024-08-23,222.85939025878903,225.15219116210932,222.1124758432193,222.85939025878903
2024-08-23,2024-08-26,225.15219116210932,225.4896545410156,222.5295939617429,225.15219116210932
2024-08-26,2024-08-27,225.4896545410156,226.3333282470703,223.05439756229154,225.4896545410156
2024-08-27,2024-08-28,226.3333282470703,224.8048095703125,223.93482804551277,226.3333282470703
2024-08-28,2024-08-29,224.8048095703125,228.0802459716797,224.34688781670943,224.8048095703125
2024-08-29,2024-08-30,228.0802459716797,227.29611206054688,225.63764879228202,228.0802459716797
2024-08-30,2024-09-03,227.29611206054688,221.1124725341797,225.97906237201053,227.29611206054688
2024-09-03,2024-09-04,221.1124725341797,219.2067413330078,224.33910079429157,221.1124725341797
2024-09-04,2024-09-05,219.2067413330078,220.72537231445312,221.7513174280977,219.2067413330078
2024-09-05,2024-09-06,220.72537231445312,219.17697143554688,222.50493744506625,220.72537231445312
2024-09-06,2024-09-09,219.17697143554688,219.266342163086,222.71479080281284,219.17697143554688
2024-09-09,2024-09-10,219.266342163086,218.47227478027344,221.5595953736447,219.266342163086
2024-09-10,2024-09-11,218.47227478027344,221.0032958984375,220.74720029176513,218.47227478027344
2024-09-11,2024-09-12,221.0032958984375,221.1124725341797,221.460334666843,221.0032958984375
2024-09-12,2024-09-13,221.1124725341797,220.8444824,222.16535828074143,221.1124725341797
2024-09-13,2024-09-16,220.8444824,214.7104492,222.72894954662198,220.8444824
2024-09-16,2024-09-17,214.7104492,215.17697143554688,219.36623355519077,214.7104492
2024-09-17,2024-09-18,215.17697143554688,219.0479431152344,217.87948984245386,215.17697143554688
2024-09-18,2024-09-19,219.0479431152344,227.1670684814453,219.51155445386206,219.0479431152344
2024-09-19,2024-09-20,227.1670684814453,226.5020751953125,223.3901977830123,227.1670684814453
2024-09-20,2024-09-23,226.5020751953125,224.78494262695312,224.23444752027845,226.5020751953125
2024-09-23,2024-09-24,224.78494262695312,225.67825317382807,223.4843999560772,224.78494262695312
2024-09-24,2024-09-25,225.67825317382807,224.6856689453125,223.51110307963702,225.67825317382807
2024-09-25,2024-09-26,224.6856689453125,225.8271484,223.36296238527112,224.6856689453125
2024-09-26,2024-09-27,225.8271484,226.0951232910156,224.87002722225307,225.8271484
2024-09-27,2024-09-30,226.0951232910156,231.266342163086,225.37579300806308,226.0951232910156
2024-09-30,2024-10-01,231.266342163086,224.5269012451172,225.88584745053814,231.266342163086
2024-10-01,2024-10-02,224.5269012451172,225.09263610839844,224.7855252600541,224.5269012451172
2024-10-02,2024-10-03,225.09263610839844,223.9908905029297,223.84328960331442,225.09263610839844
2024-10-03,2024-10-04,223.9908905029297,225.11248779296875,224.72856943500858,223.9908905029297
2024-10-04,2024-10-07,225.11248779296875,220.0405120849609,225.25423563068279,225.11248779296875
2024-10-07,2024-10-08,220.0405120849609,224.09014892578125,224.26702363252716,220.0405120849609
2024-10-08,2024-10-09,224.09014892578125,227.8320770263672,223.7955042020148,224.09014892578125
2024-10-09,2024-10-10,227.8320770263672,227.33580017089844,225.3731121205481,227.8320770263672
2024-10-10,2024-10-11,227.33580017089844,225.85690307617188,226.31031218037805,227.33580017089844
2024-10-11,2024-10-14,225.85690307617188,229.5790252685547,226.45436271551512,225.85690307617188
2024-10-14,2024-10-15,229.5790252685547,232.11004638671875,227.12323063929932,229.5790252685547
2024-10-15,2024-10-16,232.11004638671875,230.0554199,229.1675070333269,232.11004638671875
2024-10-16,2024-10-17,230.0554199,230.42266845703125,228.83545339903924,230.0554199
2024-10-17,2024-10-18,230.42266845703125,233.25148010253903,229.01488815942915,230.42266845703125
2024-10-18,2024-10-21,233.25148010253903,234.7204742431641,230.29971190118138,233.25148010253903
2024-10-21,2024-10-22,234.7204742431641,234.1050720214844,230.7024472390291,234.7204742431641
2024-10-22,2024-10-23,234.1050720214844,229.0430145263672,231.2771530385763,234.1050720214844
2024-10-23,2024-10-24,229.0430145263672,228.8544464111328,230.20990891679133,229.0430145263672
2024-10-24,2024-10-25,228.8544464111328,229.688217163086,228.85320340987516,228.8544464111328
2024-10-25,2024-10-28,229.688217163086,231.6633758544922,229.45042905965494,229.688217163086
2024-10-28,2024-10-29,231.6633758544922,231.931381225586,231.25325934848505,231.6633758544922
2024-10-29,2024-10-30,231.931381225586,228.3879395,231.682392271287,231.931381225586
2024-10-30,2024-10-31,228.3879395,224.22911071777344,230.05874188773848,228.3879395
2024-10-31,2024-11-01,224.22911071777344,221.25143432617188,227.92975485641398,224.22911071777344
2024-11-01,2024-11-04,221.25143432617188,220.35812377929688,225.537826293954,221.25143432617188
2024-11-04,2024-11-05,220.35812377929688,221.7873992919922,225.2143840907192,220.35812377929688
2024-11-05,2024-11-06,221.7873992919922,221.06285095214844,225.65792546922398,221.7873992919922
2024-11-06,2024-11-07,221.06285095214844,225.78741455078125,224.95825949949696,221.06285095214844
2024-11-07,2024-11-08,225.78741455078125,225.5191650390625,225.7514172537742,225.78741455078125
2024-11-08,2024-11-11,225.5191650390625,222.80645751953125,226.66350133354942,225.5191650390625
2024-11-11,2024-11-12,222.80645751953125,222.80645751953125,225.29071378450388,222.80645751953125
2024-11-12,2024-11-13,222.80645751953125,223.6908264160156,225.27020063022096,222.80645751953125
2024-11-13,2024-11-14,223.6908264160156,226.77114868164065,224.8333734136059,223.6908264160156
2024-11-14,2024-11-15,226.77114868164065,223.5715789794922,225.9493656961303,226.77114868164065
2024-11-15,2024-11-18,223.5715789794922,226.57241821289065,225.3685812152349,223.5715789794922
2024-11-18,2024-11-19,226.57241821289065,226.8307647705078,225.22266230092745,226.57241821289065
2024-11-19,2024-11-20,226.8307647705078,227.54620361328125,226.15390132510586,226.8307647705078
2024-11-20,2024-11-21,227.54620361328125,227.0692443847656,226.30199024827576,227.54620361328125
2024-11-21,2024-11-22,227.0692443847656,228.41065979003903,227.27018166248035,227.0692443847656
2024-11-22,2024-11-25,228.41065979003903,231.3916016,227.2277240037642,228.41065979003903
2024-11-25,2024-11-26,231.3916016,233.56771850585932,228.40453013235913,231.3916016
2024-11-26,2024-11-27,233.56771850585932,233.43853759765625,230.0927330490872,233.56771850585932
2024-11-27,2024-11-29,233.43853759765625,235.8233337402344,230.80061867074392,233.43853759765625
2024-11-29,2024-12-02,235.8233337402344,238.06895446777344,231.74491166866022,235.8233337402344
2024-12-02,2024-12-03,238.06895446777344,241.10952758789065,233.04238782934365,238.06895446777344
2024-12-03,2024-12-04,241.10952758789065,241.46725463867188,235.17766234184583,241.10952758789065
2024-12-04,2024-12-05,241.46725463867188,241.4970703,236.68964564192885,241.46725463867188
2024-12-05,2024-12-06,241.4970703,241.2983245849609,237.2329142016899,241.4970703
2024-12-06,2024-12-09,241.2983245849609,245.1835021972656,237.44589035151893,241.2983245849609
2024-12-09,2024-12-10,245.1835021972656,246.1970367431641,238.52156682517582,245.1835021972656
2024-12-10,2024-12-11,246.1970367431641,244.9251708984375,240.98135626322124,246.1970367431641
2024-12-11,2024-12-12,244.9251708984375,246.38584899902344,241.88268023914787,244.9251708984375
2024-12-12,2024-12-13,246.38584899902344,246.55474853515625,241.70000202151044,246.38584899902344
2024-12-13,2024-12-16,246.55474853515625,249.44625854492188,242.50810043120927,246.55474853515625
2024-12-16,2024-12-17,249.44625854492188,251.8707733154297,244.0602411440271,249.44625854492188
2024-12-17,2024-12-18,251.8707733154297,246.4752655029297,246.05335776881626,251.8707733154297
2024-12-18,2024-12-19,246.4752655029297,248.2041931152344,245.8243533381518,246.4752655029297
2024-12-19,2024-12-20,248.2041931152344,252.87437438964844,244.8783804351245,248.2041931152344
2024-12-20,2024-12-23,252.87437438964844,253.6494141,245.6851103773092,252.87437438964844
2024-12-23,2024-12-24,253.6494141,256.5608215332031,249.32621963181188,253.6494141
2024-12-24,2024-12-26,256.5608215332031,257.3755798339844,250.96066234014467,256.5608215332031
2024-12-26,2024-12-27,257.3755798339844,253.9673767089844,251.56724027800286,257.3755798339844
2024-12-27,2024-12-30,253.9673767089844,250.59890747070312,251.0551861398238,253.9673767089844
2024-12-30,2024-12-31,250.59890747070312,248.8302001953125,249.53265600733147,250.59890747070312
