Feature_Date,Target_Date,Current_Close,Actual_Next_Close,Predicted_Next_Close
2023-01-12,2023-01-13,131.18353271484375,132.5109863,130.32243446735984
2023-01-13,2023-01-17,132.5109863,133.67129516601562,131.23673727889246
2023-01-17,2023-01-18,133.67129516601562,132.95350646972656,134.3073528492351
2023-01-18,2023-01-19,132.95350646972656,133.0124969482422,134.1654770944863
2023-01-19,2023-01-20,133.0124969482422,135.5690918,132.74137513144032
2023-01-20,2023-01-23,135.5690918,138.75502014160156,137.51009989808827
2023-01-23,2023-01-24,138.75502014160156,140.15135192871094,138.8213094341174
2023-01-24,2023-01-25,140.15135192871094,139.49252319335938,140.45299709880697
2023-01-25,2023-01-26,139.49252319335938,141.55746459960938,138.97888593664342
2023-01-26,2023-01-27,141.55746459960938,143.49459838867188,142.22345233251764
2023-01-27,2023-01-30,143.49459838867188,140.6134796142578,143.90908792092188
2023-01-30,2023-01-31,140.6134796142578,141.88194274902344,141.01675895084315
2023-01-31,2023-02-01,141.88194274902344,143.0028839111328,142.9979083470743
2023-02-01,2023-02-02,143.0028839111328,148.3029785,143.63675006618266
2023-02-02,2023-02-03,148.3029785,151.9215545654297,147.4895909858954
2023-02-03,2023-02-06,151.9215545654297,149.19778442382812,151.2455478177221
2023-02-06,2023-02-07,149.19778442382812,152.06906127929688,150.04584536100273
2023-02-07,2023-02-08,152.06906127929688,149.38461303710938,152.24374227340581
2023-02-08,2023-02-09,149.38461303710938,148.35215759277344,149.65716744109406
2023-02-09,2023-02-10,148.35215759277344,148.7165069580078,149.39579527343838
2023-02-10,2023-02-13,148.7165069580078,151.51339721679688,149.26628264446006
2023-02-13,2023-02-14,151.51339721679688,150.8732452392578,151.51361016673226
2023-02-14,2023-02-15,150.8732452392578,152.97091674804688,150.8067833483934
2023-02-15,2023-02-16,152.97091674804688,151.3755340576172,151.16753781720098
2023-02-16,2023-02-17,151.3755340576172,150.2331543,150.65303880420413
2023-02-17,2023-02-21,150.2331543,146.22496032714844,150.80139354080745
2023-02-21,2023-02-22,146.22496032714844,146.64842224121094,146.32973698414355
2023-02-22,2023-02-23,146.64842224121094,147.13096618652344,145.47386010844997
2023-02-23,2023-02-24,147.13096618652344,144.48184204101562,145.79715827131068
2023-02-24,2023-02-27,144.48184204101562,145.67343139648438,143.81520323257584
2023-02-27,2023-02-28,145.67343139648438,145.17120361328125,144.96287754338178
2023-02-28,2023-03-01,145.17120361328125,143.1031036376953,144.51132941024846
2023-03-01,2023-03-02,143.1031036376953,143.69398498535156,141.65863833777442
2023-03-02,2023-03-03,143.69398498535156,148.73623657226562,143.01042687924223
2023-03-03,2023-03-06,148.73623657226562,151.49368286132812,148.83685632177514
2023-03-06,2023-03-07,151.49368286132812,149.29757690429688,151.04947939059264
2023-03-07,2023-03-08,149.29757690429688,150.5482635498047,149.85393634033974
2023-03-08,2023-03-09,150.5482635498047,148.3029022216797,150.47862245873716
2023-03-09,2023-03-10,148.3029022216797,146.24464416503906,150.08468568002849
2023-03-10,2023-03-13,146.24464416503906,148.18472290039062,145.8410814905993
2023-03-13,2023-03-14,148.18472290039062,150.27247619628906,148.7384403124065
2023-03-14,2023-03-15,150.27247619628906,150.6664276123047,151.46968521837246
2023-03-15,2023-03-16,150.6664276123047,153.4830322265625,151.68802239241836
2023-03-16,2023-03-17,153.4830322265625,152.64593505859375,154.5930001591481
2023-03-17,2023-03-20,152.64593505859375,155.00946044921875,151.6492678454896
2023-03-20,2023-03-21,155.00946044921875,156.86093139648438,157.63147890372736
2023-03-21,2023-03-22,156.86093139648438,155.4329376220703,158.98358412940487
2023-03-22,2023-03-23,155.4329376220703,156.5161895751953,157.94940882138602
2023-03-23,2023-03-24,156.5161895751953,157.81617736816406,158.34632900512665
2023-03-24,2023-03-27,157.81617736816406,155.87611389160156,158.27512369364146
2023-03-27,2023-03-28,155.87611389160156,155.2556610107422,157.7758591838674
2023-03-28,2023-03-29,155.2556610107422,158.32833862304688,158.27767333932266
2023-03-29,2023-03-30,158.32833862304688,159.89414978027344,159.62257180811937
2023-03-30,2023-03-31,159.89414978027344,162.39556884765625,160.16944541771147
2023-03-31,2023-04-03,162.39556884765625,163.64625549316406,162.72684696133553
2023-04-03,2023-04-04,163.64625549316406,163.114502,163.66926042451064
2023-04-04,2023-04-05,163.114502,161.27288818359375,162.44273170577034
2023-04-05,2023-04-06,161.27288818359375,162.15924072265625,161.77570233144027
2023-04-06,2023-04-10,162.15924072265625,159.56915283203125,162.73170579573062
2023-04-10,2023-04-11,159.56915283203125,158.3578338623047,157.88698537859528
2023-04-11,2023-04-12,158.3578338623047,157.66847229003906,158.3759340636039
2023-04-12,2023-04-13,157.66847229003906,163.04559326171875,158.37304725881216
2023-04-13,2023-04-14,163.04559326171875,162.7008819580078,161.7577836336168
2023-04-14,2023-04-17,162.7008819580078,162.7205810546875,162.10837396489654
2023-04-17,2023-04-18,162.7205810546875,163.94174194335938,162.72212062065026
2023-04-18,2023-04-19,163.94174194335938,165.08412170410156,163.3177635387472
2023-04-19,2023-04-20,165.08412170410156,164.1189727783203,165.3521230398974
2023-04-20,2023-04-21,164.1189727783203,162.5137481689453,164.54063426371948
2023-04-21,2023-04-24,162.5137481689453,162.8190460205078,161.95257550157964
2023-04-24,2023-04-25,162.8190460205078,161.28273010253906,162.8514595611255
2023-04-25,2023-04-26,161.28273010253906,161.27288818359375,161.79247829563352
2023-04-26,2023-04-27,161.27288818359375,165.85227966308594,162.778811778671
2023-04-27,2023-04-28,165.85227966308594,167.10293579101562,164.95884641168055
2023-04-28,2023-05-01,167.10293579101562,167.01431274414062,164.80555051545832
2023-05-01,2023-05-02,167.01431274414062,165.98028564453125,164.5316513145206
2023-05-02,2023-05-03,165.98028564453125,164.90682983398438,165.3103854309663
2023-05-03,2023-05-04,164.90682983398438,163.27207946777344,165.12951427640317
2023-05-04,2023-05-05,163.27207946777344,170.9339141845703,161.1928340549891
2023-05-05,2023-05-08,170.9339141845703,170.86497497558594,170.9584489100623
2023-05-08,2023-05-09,170.86497497558594,169.16123962402344,170.49670397731242
2023-05-09,2023-05-10,169.16123962402344,170.92404174804688,167.2639245760479
2023-05-10,2023-05-11,170.92404174804688,171.1111602783203,169.92206260174547
2023-05-11,2023-05-12,171.1111602783203,170.1841583251953,169.93930622319732
2023-05-12,2023-05-15,170.1841583251953,169.69107055664062,170.57160609195498
2023-05-15,2023-05-16,169.69107055664062,169.69107055664062,169.6616025644938
2023-05-16,2023-05-17,169.69107055664062,170.3024902,169.609322315172
2023-05-17,2023-05-18,170.3024902,172.62986755371094,170.37849715847437
2023-05-18,2023-05-19,172.62986755371094,172.73834228515625,169.9075649839734
2023-05-19,2023-05-22,172.73834228515625,171.79161071777344,173.18334219820534
2023-05-22,2023-05-23,171.79161071777344,169.18809509277344,170.20607134234714
2023-05-23,2023-05-24,169.18809509277344,169.46424865722656,166.83543288417596
2023-05-24,2023-05-25,169.46424865722656,170.59837341308594,166.75711425916114
2023-05-25,2023-05-26,170.59837341308594,173.00460815429688,170.15066165821133
2023-05-26,2023-05-30,173.00460815429688,174.8487548828125,169.94227561714533
2023-05-30,2023-05-31,174.8487548828125,174.79945373535156,173.30358122291761
2023-05-31,2023-06-01,174.79945373535156,177.60018920898438,173.41107453892212
2023-06-01,2023-06-02,177.60018920898438,178.44830322265625,173.59630844651082
2023-06-02,2023-06-05,178.44830322265625,177.0972442626953,173.12205441177196
2023-06-05,2023-06-06,177.0972442626953,176.73236083984375,172.48369321108618
2023-06-06,2023-06-07,176.73236083984375,175.36158752441406,173.26954695791406
2023-06-07,2023-06-08,175.36158752441406,178.0735626220703,172.41822173503087
2023-06-08,2023-06-09,178.0735626220703,178.45816040039062,173.31574987365076
2023-06-09,2023-06-12,178.45816040039062,181.2490081787109,173.2992532495367
2023-06-12,2023-06-13,181.2490081787109,180.7756500244141,173.20415939702428
2023-06-13,2023-06-14,180.7756500244141,181.4068298339844,173.22145549497648
2023-06-14,2023-06-15,181.4068298339844,183.43833923339844,172.95040035056047
2023-06-15,2023-06-16,183.43833923339844,182.3634185791016,173.25999024323556
2023-06-16,2023-06-20,182.3634185791016,182.45216369628903,173.25692863333163
2023-06-20,2023-06-21,182.45216369628903,181.4166717529297,173.20202762751092
2023-06-21,2023-06-22,181.4166717529297,184.4146423339844,173.128548327451
2023-06-22,2023-06-23,184.4146423339844,184.0990600585937,173.19876381715642
2023-06-23,2023-06-26,184.0990600585937,182.70855712890625,173.05673245677232
2023-06-26,2023-06-27,182.70855712890625,185.4600067138672,172.35105411214676
2023-06-27,2023-06-28,185.4600067138672,186.6335601806641,173.1913606477364
2023-06-28,2023-06-29,186.6335601806641,186.9688415527344,172.95950570232642
2023-06-29,2023-06-30,186.9688415527344,191.28826904296875,173.20013233332145
2023-06-30,2023-07-03,191.28826904296875,189.79916381835932,173.3842587504513
2023-07-03,2023-07-05,189.79916381835932,188.684799194336,172.28349577658514
2023-07-05,2023-07-06,188.684799194336,189.1581573486328,172.88043118348693
2023-07-06,2023-07-07,189.1581573486328,188.0437469482422,173.20240936735442
2023-07-07,2023-07-10,188.0437469482422,186.0023803710937,172.96636995456828
2023-07-10,2023-07-11,186.0023803710937,185.47970581054688,172.1760814881098
2023-07-11,2023-07-12,185.47970581054688,187.14637756347656,173.09796778714207
2023-07-12,2023-07-13,187.14637756347656,187.9057006835937,173.194024793312
2023-07-13,2023-07-14,187.9057006835937,188.0536499023437,173.20608067384336
2023-07-14,2023-07-17,188.0536499023437,191.3080291748047,173.20202762751092
2023-07-17,2023-07-18,191.3080291748047,191.0515899658203,173.0501834972522
2023-07-18,2023-07-19,191.0515899658203,192.40267944335932,173.20202762751092
2023-07-19,2023-07-20,192.40267944335932,190.4598999023437,173.30982735408801
2023-07-20,2023-07-21,190.4598999023437,189.28634643554688,172.22861522456577
2023-07-21,2023-07-24,189.28634643554688,190.08514404296875,173.12825796559244
2023-07-24,2023-07-25,190.08514404296875,190.9431152,173.09209236328678
2023-07-25,2023-07-26,190.9431152,191.8109893798828,173.21016751161193
2023-07-26,2023-07-27,191.8109893798828,190.54867553710932,172.95950570232642
2023-07-27,2023-07-28,190.54867553710932,193.1225586,172.5788737578619
2023-07-28,2023-07-31,193.1225586,193.73399353027344,173.0501834972522
2023-07-31,2023-08-01,193.73399353027344,192.90562438964844,173.20608067384336
2023-08-01,2023-08-02,192.90562438964844,189.9174805,173.1842805470259
2023-08-02,2023-08-03,189.9174805,188.52700805664065,172.06560872420056
2023-08-03,2023-08-04,188.52700805664065,179.47393798828125,172.3911519121442
2023-08-04,2023-08-07,179.47393798828125,176.3773651123047,172.07236871210736
2023-08-07,2023-08-08,176.3773651123047,177.31419372558594,172.0599813253615
2023-08-08,2023-08-09,177.31419372558594,175.72647094726562,173.15419261613462
2023-08-09,2023-08-10,175.72647094726562,175.50949096679688,172.24931844281392
2023-08-10,2023-08-11,175.50949096679688,175.56874084472656,173.16025151009532
2023-08-11,2023-08-14,175.56874084472656,177.21788024902344,173.1338820580577
2023-08-14,2023-08-15,177.21788024902344,175.23300170898438,172.99396216603427
2023-08-15,2023-08-16,175.23300170898438,174.36398315429688,172.067756031218
2023-08-16,2023-08-17,174.36398315429688,171.82608032226562,173.16498303472923
2023-08-17,2023-08-18,171.82608032226562,172.3099822998047,170.5030573516927
2023-08-18,2023-08-21,172.3099822998047,173.6431121826172,170.3843626002357
2023-08-21,2023-08-22,173.6431121826172,175.01573181152344,171.49911277789155
2023-08-22,2023-08-23,175.01573181152344,178.85714721679688,173.3063037279118
2023-08-23,2023-08-24,178.85714721679688,174.17637634277344,173.27412792238104
2023-08-24,2023-08-25,174.17637634277344,176.37850952148438,171.94214216516886
2023-08-25,2023-08-28,176.37850952148438,177.93875122070312,173.4216828440308
2023-08-28,2023-08-29,177.93875122070312,181.8196563720703,173.14177697053526
2023-08-29,2023-08-30,181.8196563720703,185.3055419921875,173.17874808970453
2023-08-30,2023-08-31,185.3055419921875,185.52279663085932,173.2644345638537
2023-08-31,2023-09-01,185.52279663085932,187.09295654296875,173.3204084699317
2023-09-01,2023-09-05,187.09295654296875,187.32994079589844,173.23375035496858
2023-09-05,2023-09-06,187.32994079589844,180.6248016357422,172.94634730422803
2023-09-06,2023-09-07,180.6248016357422,175.34161376953125,172.06064473681982
2023-09-07,2023-09-08,175.34161376953125,175.95387268066406,170.8117973445711
2023-09-08,2023-09-11,175.95387268066406,177.1191406,173.2225049173465
2023-09-11,2023-09-12,177.1191406,174.0973663330078,173.23072988245724
2023-09-12,2023-09-13,174.0973663330078,172.03346252441406,171.35451416814897
2023-09-13,2023-09-14,172.03346252441406,173.54434204101562,171.24683279154544
2023-09-14,2023-09-15,173.54434204101562,172.82347106933594,171.7730863178192
2023-09-15,2023-09-18,172.82347106933594,175.7465057373047,172.01621469594556
2023-09-18,2023-09-19,175.7465057373047,176.8327637,173.57450114085688
2023-09-19,2023-09-20,176.8327637,173.2974853515625,173.16417635190035
2023-09-20,2023-09-21,173.2974853515625,171.75694274902344,172.10712339019773
2023-09-21,2023-09-22,171.75694274902344,172.60623168945312,170.82078749708145
2023-09-22,2023-09-25,172.60623168945312,173.88011169433594,171.92181225636398
2023-09-25,2023-09-26,173.88011169433594,169.81161499023438,172.05131993044492
2023-09-26,2023-09-27,169.81161499023438,168.30072021484375,169.28633899131654
2023-09-27,2023-09-28,168.30072021484375,168.5574493408203,165.57669826399615
2023-09-28,2023-09-29,168.5574493408203,169.0709686279297,165.57008035892568
2023-09-29,2023-10-02,169.0709686279297,171.57920837402344,166.9100330991594
2023-10-02,2023-10-03,171.57920837402344,170.24607849121094,170.11709979805116
2023-10-03,2023-10-04,170.24607849121094,171.49034118652344,170.74155074552513
2023-10-04,2023-10-05,171.49034118652344,172.7247314453125,170.12414424321014
2023-10-05,2023-10-06,172.7247314453125,175.2725067138672,170.01280263289198
2023-10-06,2023-10-09,175.2725067138672,176.75375366210938,170.07819920460128
2023-10-09,2023-10-10,176.75375366210938,176.1612548828125,173.3277456947407
2023-10-10,2023-10-11,176.1612548828125,177.5536346435547,173.23982013274494
2023-10-11,2023-10-12,177.5536346435547,178.45228576660156,173.03910709982563
2023-10-12,2023-10-13,178.45228576660156,176.6155242919922,173.22920280670488
2023-10-13,2023-10-16,176.6155242919922,176.48712158203125,172.25907279435415
2023-10-16,2023-10-17,176.48712158203125,174.93675231933594,173.12434202117507
2023-10-17,2023-10-18,174.93675231933594,173.6431121826172,171.69900382614136
2023-10-18,2023-10-19,173.6431121826172,173.26785278320312,171.712333667634
2023-10-19,2023-10-20,173.26785278320312,170.72012329101562,172.51748846926006
2023-10-20,2023-10-23,170.72012329101562,170.83859252929688,169.47174769555957
2023-10-23,2023-10-24,170.83859252929688,171.27310180664062,170.10096144388598
2023-10-24,2023-10-25,171.27310180664062,168.96234130859375,169.40155531898375
2023-10-25,2023-10-26,168.96234130859375,164.8049316,166.45932833845794
2023-10-26,2023-10-27,164.8049316,166.1183319091797,164.03551713628673
2023-10-27,2023-10-30,166.1183319091797,168.1624298095703,163.79330825215735
2023-10-30,2023-10-31,168.1624298095703,168.63644409179688,164.9219717127482
2023-10-31,2023-11-01,168.63644409179688,171.7964630126953,165.42244807986745
2023-11-01,2023-11-02,171.7964630126953,175.3515167236328,170.30682607039196
2023-11-02,2023-11-03,175.3515167236328,174.4429931640625,173.17928695192276
2023-11-03,2023-11-06,174.4429931640625,176.99075317382812,170.57069982090698
2023-11-06,2023-11-07,176.99075317382812,179.54843139648438,173.5670798847461
2023-11-07,2023-11-08,179.54843139648438,180.60501098632807,173.2884872285954
2023-11-08,2023-11-09,180.60501098632807,180.13101196289062,173.25146488918318
2023-11-09,2023-11-10,180.13101196289062,184.3136749267578,172.67879572261825
2023-11-10,2023-11-13,184.3136749267578,182.73159790039065,172.98109996809782
2023-11-13,2023-11-14,182.73159790039065,185.3420562744141,172.4330823897104
2023-11-14,2023-11-15,185.3420562744141,185.9056701660156,173.2712706787068
2023-11-15,2023-11-16,185.9056701660156,187.58663940429688,173.22966351720004
2023-11-16,2023-11-17,187.58663940429688,187.5668487548828,172.95950570232642
2023-11-17,2023-11-20,187.5668487548828,189.30715942382807,173.20202762751092
2023-11-20,2023-11-21,189.30715942382807,188.50621032714844,173.10251137605283
2023-11-21,2023-11-22,188.50621032714844,189.16873168945312,173.1842805470259
2023-11-22,2023-11-24,189.16873168945312,187.8437347412109,173.0984245382843
2023-11-24,2023-11-27,187.8437347412109,187.66574096679688,172.3911519121442
2023-11-27,2023-11-28,187.66574096679688,188.26889038085932,173.20202762751092
2023-11-28,2023-11-29,188.26889038085932,187.2504272460937,173.20608067384336
2023-11-29,2023-11-30,187.2504272460937,187.823959350586,173.11470522679727
2023-11-30,2023-12-01,187.823959350586,189.0995178222656,173.0984245382843
2023-12-01,2023-12-04,189.0995178222656,187.3097686767578,172.95950570232642
2023-12-04,2023-12-05,187.3097686767578,191.25509643554688,172.24065493205234
2023-12-05,2023-12-06,191.25509643554688,190.1673889160156,173.21003442178957
2023-12-06,2023-12-07,190.1673889160156,192.0956115722656,173.01823132338336
2023-12-07,2023-12-08,192.0956115722656,193.5195159912109,173.20470133017474
2023-12-08,2023-12-11,193.5195159912109,191.01779174804688,172.95950570232642
2023-12-11,2023-12-12,191.01779174804688,192.5307159423828,172.1192322216942
2023-12-12,2023-12-13,192.5307159423828,195.74429321289065,173.19051834901677
2023-12-13,2023-12-14,195.74429321289065,195.89259338378903,173.24958801138337
2023-12-14,2023-12-15,195.89259338378903,195.35867309570312,173.2395736808373
2023-12-15,2023-12-18,195.35867309570312,193.6974639892578,173.34223381280643
2023-12-18,2023-12-19,193.6974639892578,194.73570251464844,172.14816716923787
2023-12-19,2023-12-20,194.73570251464844,192.6493225097656,173.21016751161193
2023-12-20,2023-12-21,192.6493225097656,192.50103759765625,172.1760814881098
2023-12-21,2023-12-22,192.50103759765625,191.4331055,173.1527469164732
2023-12-22,2023-12-26,191.4331055,190.8892517089844,172.96636995456828
2023-12-26,2023-12-27,190.8892517089844,190.98812866210932,173.21195609769865
2023-12-27,2023-12-28,190.98812866210932,191.4133301,173.03730458930679
2023-12-28,2023-12-29,191.4133301,190.37506103515625,173.20608067384336
2023-12-29,2024-01-02,190.37506103515625,183.56219482421875,173.01823132338336
2024-01-02,2024-01-03,183.56219482421875,182.1877441,172.06939196904503
2024-01-03,2024-01-04,182.1877441,179.87393188476562,172.2308798466031
2024-01-04,2024-01-05,179.87393188476562,179.15208435058594,172.04571476909092
2024-01-05,2024-01-08,179.15208435058594,183.4830780029297,173.07010663449316
2024-01-08,2024-01-09,183.4830780029297,183.06776428222656,173.1527734515074
2024-01-09,2024-01-10,183.06776428222656,184.10601806640625,173.05673245677232
2024-01-10,2024-01-11,184.10601806640625,183.5127716064453,173.0454444734078
2024-01-11,2024-01-12,183.5127716064453,183.8390350341797,173.17335130766207
2024-01-12,2024-01-16,183.8390350341797,181.57467651367188,173.20013233332145
2024-01-16,2024-01-17,181.57467651367188,180.6352996826172,172.21629315385366
2024-01-17,2024-01-18,180.6352996826172,186.51873779296875,173.00227510593547
2024-01-18,2024-01-19,186.51873779296875,189.4159240722656,173.36682156325648
2024-01-19,2024-01-22,189.4159240722656,191.71983337402344,173.2606848640038
2024-01-22,2024-01-23,191.71983337402344,192.9954071044922,173.1831000852635
2024-01-23,2024-01-24,192.9954071044922,192.32302856445312,173.21016751161193
2024-01-24,2024-01-25,192.32302856445312,191.9967041015625,173.0766244114668
2024-01-25,2024-01-26,191.9967041015625,190.2662811279297,173.20394108783378
2024-01-26,2024-01-29,190.2662811279297,189.5840301513672,172.33031731608557
2024-01-29,2024-01-30,189.5840301513672,185.9353179931641,173.05546266018897
2024-01-30,2024-01-31,185.9353179931641,182.3360595703125,171.98112861839175
2024-01-31,2024-02-01,182.3360595703125,184.7685547,172.03114308360267
2024-02-01,2024-02-02,184.7685547,183.76980590820312,173.2499913995127
2024-02-02,2024-02-05,183.76980590820312,185.5793609619141,173.21371934474965
2024-02-05,2024-02-06,185.5793609619141,187.18121337890625,173.2597054701507
2024-02-06,2024-02-07,187.18121337890625,187.2899780273437,173.0454444734078
2024-02-07,2024-02-08,187.2899780273437,186.21221923828125,173.03730458930679
2024-02-08,2024-02-09,186.21221923828125,186.9745483398437,173.0234368572133
2024-02-09,2024-02-12,186.9745483398437,185.29139709472656,173.0984245382843
2024-02-12,2024-02-13,185.29139709472656,183.2023926,172.37041511608302
2024-02-13,2024-02-14,183.2023926,182.3212280273437,172.12608398885573
2024-02-14,2024-02-15,182.3212280273437,182.0340881347656,173.16789278105074
2024-02-15,2024-02-16,182.0340881347656,180.49948120117188,173.27874317122766
2024-02-16,2024-02-20,180.49948120117188,179.7569122314453,172.32193274204315
2024-02-20,2024-02-21,179.7569122314453,180.5094146728516,173.01955750882178
2024-02-21,2024-02-22,180.5094146728516,182.53903198242188,172.95541886455786
2024-02-22,2024-02-23,182.53903198242188,180.70741271972656,173.0399782919706
2024-02-23,2024-02-26,180.70741271972656,179.3609161376953,172.28299016425723
2024-02-26,2024-02-27,179.3609161376953,180.81629943847656,172.28349577658514
2024-02-27,2024-02-28,180.81629943847656,179.61834716796875,173.148034427663
2024-02-28,2024-02-29,179.61834716796875,178.95498657226562,172.33916309380908
2024-02-29,2024-03-01,178.95498657226562,177.87582397460938,173.32453564321932
2024-03-01,2024-03-04,177.87582397460938,173.36109924316406,173.14686455574235
2024-03-04,2024-03-05,173.36109924316406,168.4305419921875,171.0923467317006
2024-03-05,2024-03-06,168.4305419921875,167.4404754638672,165.89192773037865
2024-03-06,2024-03-07,167.4404754638672,167.32167053222656,165.04647241509286
2024-03-07,2024-03-08,167.32167053222656,169.03451538085938,164.71482756553186
2024-03-08,2024-03-11,169.03451538085938,171.0344238,167.01464419089427
2024-03-11,2024-03-12,171.0344238,171.5096435546875,169.40762238735616
2024-03-12,2024-03-13,171.5096435546875,169.4305419921875,169.8983036664933
2024-03-13,2024-03-14,169.4305419921875,171.28195190429688,167.1203506248111
2024-03-14,2024-03-15,171.28195190429688,170.90573120117188,169.49347919500434
2024-03-15,2024-03-18,170.90573120117188,171.99478149414062,170.85021960572345
2024-03-18,2024-03-19,171.99478149414062,174.33135986328125,171.68808625488688
2024-03-19,2024-03-20,174.33135986328125,176.89561462402344,171.75998216764262
2024-03-20,2024-03-21,176.89561462402344,169.66810607910156,173.4798896187273
2024-03-21,2024-03-22,169.66810607910156,170.56907653808594,169.668896368057
2024-03-22,2024-03-25,170.56907653808594,169.15330505371094,170.4299660025097
2024-03-25,2024-03-26,169.15330505371094,168.0246124267578,166.93888213949495
2024-03-26,2024-03-27,168.0246124267578,171.58885192871094,165.15716825414216
2024-03-27,2024-03-28,171.58885192871094,169.7770538330078,170.33307372877334
2024-03-28,2024-04-01,169.7770538330078,168.34144592285156,170.1869603342935
2024-04-01,2024-04-02,168.34144592285156,167.1632537841797,164.72710569468134
2024-04-02,2024-04-03,167.1632537841797,167.96522521972656,163.75123510102432
2024-04-03,2024-04-04,167.96522521972656,167.1434783935547,165.1442278884403
2024-04-04,2024-04-05,167.1434783935547,167.89593505859375,165.30023052932154
2024-04-05,2024-04-08,167.89593505859375,166.7771453857422,164.5841769668337
2024-04-08,2024-04-09,166.7771453857422,167.98500061035156,163.2830357943184
2024-04-09,2024-04-10,167.98500061035156,166.11378479003906,164.9238187998211
2024-04-10,2024-04-11,166.11378479003906,173.30165100097656,163.5504147528311
2024-04-11,2024-04-12,173.30165100097656,174.7967071533203,170.83338201020254
2024-04-12,2024-04-15,174.7967071533203,170.9750213623047,172.86738764743708
2024-04-15,2024-04-16,170.9750213623047,167.69789123535156,169.33710574700095
2024-04-16,2024-04-17,167.69789123535156,166.33160400390625,166.69840939139308
2024-04-17,2024-04-18,166.33160400390625,165.3811035,165.78670649253448
2024-04-18,2024-04-19,165.3811035,163.36138916015625,164.72106696466267
2024-04-19,2024-04-22,163.36138916015625,164.19305419921875,161.55539055524406
2024-04-22,2024-04-23,164.19305419921875,165.24252319335938,163.96477014158714
2024-04-23,2024-04-24,165.24252319335938,167.3414764404297,164.12904545694207
2024-04-24,2024-04-25,167.3414764404297,168.20286560058594,165.21165198921491
2024-04-25,2024-04-26,168.20286560058594,167.6186981201172,165.08114617762487
2024-04-26,2024-04-29,167.6186981201172,171.77699279785156,165.0461998125877
2024-04-29,2024-04-30,171.77699279785156,168.6384735107422,171.45998403109192
2024-04-30,2024-05-01,168.6384735107422,167.6186981201172,165.51221540821453
2024-05-01,2024-05-02,167.6186981201172,171.3116455078125,165.58625890709243
2024-05-02,2024-05-03,171.3116455078125,181.5588531494141,170.48123977699478
2024-05-03,2024-05-06,181.5588531494141,179.90542602539062,173.49327722874398
2024-05-06,2024-05-07,179.90542602539062,180.5885772705078,172.45597462094017
2024-05-07,2024-05-08,180.5885772705078,180.9252319335937,173.44577777164199
2024-05-08,2024-05-09,180.9252319335937,182.737045288086,173.61670618059262
2024-05-09,2024-05-10,182.737045288086,181.4779510498047,173.29233782755122
2024-05-10,2024-05-13,181.4779510498047,184.6802520751953,172.57620137011813
2024-05-13,2024-05-14,184.6802520751953,185.82034301757807,173.24674262003407
2024-05-14,2024-05-15,185.82034301757807,188.09066772460932,173.22961549851746
2024-05-15,2024-05-16,188.09066772460932,188.20965576171875,173.31595455304907
2024-05-16,2024-05-17,188.20965576171875,188.2393798828125,173.28949073006353
2024-05-17,2024-05-20,188.2393798828125,189.3993225097656,173.26122610875277
2024-05-20,2024-05-21,189.3993225097656,190.69810485839844,173.23072988245724
2024-05-21,2024-05-22,190.69810485839844,189.2605438232422,173.26936599285378
2024-05-22,2024-05-23,189.2605438232422,185.27505493164065,172.26018675849545
2024-05-23,2024-05-24,185.27505493164065,188.34841918945312,172.06844821711948
2024-05-24,2024-05-28,188.34841918945312,188.35836791992188,173.17147852763412
2024-05-28,2024-05-29,188.35836791992188,188.6557464599609,173.21407577813363
2024-05-29,2024-05-30,188.6557464599609,189.64715576171875,173.22088481681052
2024-05-30,2024-05-31,189.64715576171875,190.5989227294922,173.26936599285378
2024-05-31,2024-06-03,190.5989227294922,192.3636474609375,173.22087008263313
2024-06-03,2024-06-04,192.3636474609375,192.680892944336,173.0454444734078
2024-06-04,2024-06-05,192.680892944336,194.1878662109375,172.94947052403595
2024-06-05,2024-06-06,194.1878662109375,192.809799194336,173.10251137605283
2024-06-06,2024-06-07,192.809799194336,195.19911193847656,172.16890396529905
2024-06-07,2024-06-10,195.19911193847656,191.46145629882807,173.19694318591723
2024-06-10,2024-06-11,191.46145629882807,205.3709716796875,172.05706785032487
2024-06-11,2024-06-12,205.3709716796875,211.2401580810547,173.42443005845408
2024-06-12,2024-06-13,211.2401580810547,212.4001007080078,173.51753450062665
2024-06-13,2024-06-14,212.4001007080078,210.66514587402344,173.49148384302126
2024-06-14,2024-06-17,210.66514587402344,214.8092193603516,172.54754432042438
2024-06-17,2024-06-18,214.8092193603516,212.4496459960937,173.52845531187108
2024-06-18,2024-06-20,212.4496459960937,207.8792724609375,172.4335087841579
2024-06-20,2024-06-21,207.8792724609375,205.7080841064453,172.2136964851864
2024-06-21,2024-06-24,205.7080841064453,206.3524627685547,172.46414202317737
2024-06-24,2024-06-25,206.3524627685547,207.27452087402344,173.58140202781635
2024-06-25,2024-06-26,207.27452087402344,211.4185943603516,173.50397117453272
2024-06-26,2024-06-27,211.4185943603516,212.2613067626953,173.53221917254328
2024-06-27,2024-06-28,212.2613067626953,208.8111724853516,173.50103530637546
2024-06-28,2024-07-01,208.8111724853516,214.88853454589844,172.24766229956492
2024-07-01,2024-07-02,214.88853454589844,218.3783264160156,173.4200462785347
2024-07-02,2024-07-03,218.3783264160156,219.64730834960932,173.4200462785347
2024-07-03,2024-07-05,219.64730834960932,224.39614868164065,173.3520144585704
2024-07-05,2024-07-08,224.39614868164065,225.8634796142578,173.4389090028389
2024-07-08,2024-07-09,225.8634796142578,226.7160797119141,173.4341699789945
2024-07-09,2024-07-10,226.7160797119141,230.97915649414065,173.48367061974255
2024-07-10,2024-07-11,230.97915649414065,225.6156311035156,173.46371999900046
2024-07-11,2024-07-12,225.6156311035156,228.56008911132807,172.02933958138362
2024-07-12,2024-07-15,228.56008911132807,232.386947631836,173.1425682462258
2024-07-15,2024-07-16,232.386947631836,232.80337524414065,173.1806106978724
2024-07-16,2024-07-17,232.80337524414065,226.9143829345703,173.14208608714108
2024-07-17,2024-07-18,226.9143829345703,222.25473022460932,172.00081778838145
2024-07-18,2024-07-19,222.25473022460932,222.3835906982422,172.02711070463394
2024-07-19,2024-07-22,222.3835906982422,222.0366211,173.20103500664925
2024-07-22,2024-07-23,222.0366211,223.07760620117188,173.16340924879609
2024-07-23,2024-07-24,223.07760620117188,216.66314697265625,173.148034427663
2024-07-24,2024-07-25,216.66314697265625,215.62217712402344,172.0128728039454
2024-07-25,2024-07-26,215.62217712402344,216.0881805419922,173.15333558021018
2024-07-26,2024-07-29,216.0881805419922,216.36575317382807,173.22200344033214
2024-07-29,2024-07-30,216.36575317382807,216.92095947265625,173.19295844991368
2024-07-30,2024-07-31,216.92095947265625,220.1727600097656,173.148034427663
2024-07-31,2024-08-01,220.1727600097656,216.48472595214844,173.19876381715642
2024-08-01,2024-08-02,216.48472595214844,217.9718170166016,171.98404209342837
2024-08-02,2024-08-05,217.9718170166016,207.4727783203125,173.3006868977824
2024-08-05,2024-08-06,207.4727783203125,205.45030212402344,172.14754184002348
2024-08-06,2024-08-07,205.45030212402344,208.0180511474609,172.39416500812106
2024-08-07,2024-08-08,208.0180511474609,211.47808837890625,173.28038756611735
2024-08-08,2024-08-09,211.47808837890625,214.38291931152344,173.20966582957269
2024-08-09,2024-08-12,214.38291931152344,215.9114532470703,173.22852855387688
2024-08-12,2024-08-13,215.9114532470703,219.62364196777344,173.18721108459792
2024-08-13,2024-08-14,219.62364196777344,220.0702972412109,173.28803366714556
2024-08-14,2024-08-15,220.0702972412109,223.04795837402344,173.22828798623058
2024-08-15,2024-08-16,223.04795837402344,224.3680725097656,173.11470919898693
2024-08-16,2024-08-19,224.3680725097656,224.20925903320312,173.2342363267525
2024-08-19,2024-08-20,224.20925903320312,224.8246459960937,173.22667683612477
2024-08-20,2024-08-21,224.8246459960937,224.7154541015625,173.26527915508524
2024-08-21,2024-08-22,224.7154541015625,222.85939025878903,173.1864653026843
2024-08-22,2024-08-23,222.85939025878903,225.15219116210932,172.2759423763941
2024-08-23,2024-08-26,225.15219116210932,225.4896545410156,173.1369075406594
2024-08-26,2024-08-27,225.4896545410156,226.3333282470703,173.18997174697955
2024-08-27,2024-08-28,226.3333282470703,224.8048095703125,173.148034427663
2024-08-28,2024-08-29,224.8048095703125,228.0802459716797,172.2966791724553
2024-08-29,2024-08-30,228.0802459716797,227.29611206054688,173.1527734515074
2024-08-30,2024-09-03,227.29611206054688,221.1124725341797,173.16984486336682
2024-09-03,2024-09-04,221.1124725341797,219.2067413330078,171.96226589408755
2024-09-04,2024-09-05,219.2067413330078,220.72537231445312,172.2759423763941
2024-09-05,2024-09-06,220.72537231445312,219.17697143554688,173.148034427663
2024-09-06,2024-09-09,219.17697143554688,219.266342163086,172.2778164481511
2024-09-09,2024-09-10,219.266342163086,218.47227478027344,173.19720963422583
2024-09-10,2024-09-11,218.47227478027344,221.0032958984375,173.12736094201304
2024-09-11,2024-09-12,221.0032958984375,221.1124725341797,173.1425682462258
2024-09-12,2024-09-13,221.1124725341797,220.8444824,173.1383206757641
2024-09-13,2024-09-16,220.8444824,214.7104492,173.09437149195182
2024-09-16,2024-09-17,214.7104492,215.17697143554688,172.03009468102834
2024-09-17,2024-09-18,215.17697143554688,219.0479431152344,173.04135763563923
2024-09-18,2024-09-19,219.0479431152344,227.1670684814453,173.1527734515074
2024-09-19,2024-09-20,227.1670684814453,226.5020751953125,173.21003442178957
2024-09-20,2024-09-23,226.5020751953125,224.78494262695312,173.29345580850836
2024-09-23,2024-09-24,224.78494262695312,225.67825317382807,172.30544470759799
2024-09-24,2024-09-25,225.67825317382807,224.6856689453125,173.15679996280568
2024-09-25,2024-09-26,224.6856689453125,225.8271484,173.17335130766207
2024-09-26,2024-09-27,225.8271484,226.0951232910156,173.1885662667007
2024-09-27,2024-09-30,226.0951232910156,231.266342163086,172.9513658182254
2024-09-30,2024-10-01,231.266342163086,224.5269012451172,173.19876381715642
2024-10-01,2024-10-02,224.5269012451172,225.09263610839844,171.98854662450157
2024-10-02,2024-10-03,225.09263610839844,223.9908905029297,173.148034427663
2024-10-03,2024-10-04,223.9908905029297,225.11248779296875,173.14413540354732
2024-10-04,2024-10-07,225.11248779296875,220.0405120849609,173.14237372209658
2024-10-07,2024-10-08,220.0405120849609,224.09014892578125,172.0030466651311
2024-10-08,2024-10-09,224.09014892578125,227.8320770263672,173.23157218117683
2024-10-09,2024-10-10,227.8320770263672,227.33580017089844,173.19761081400873
2024-10-10,2024-10-11,227.33580017089844,225.85690307617188,173.00593414708283
2024-10-11,2024-10-14,225.85690307617188,229.5790252685547,172.58924898014368
2024-10-14,2024-10-15,229.5790252685547,232.11004638671875,173.19330529054508
2024-10-15,2024-10-16,232.11004638671875,230.0554199,173.20462027790936
2024-10-16,2024-10-17,230.0554199,230.42266845703125,172.14816716923787
2024-10-17,2024-10-18,230.42266845703125,233.25148010253903,173.18807645279009
2024-10-18,2024-10-21,233.25148010253903,234.7204742431641,173.09704519461567
2024-10-21,2024-10-22,234.7204742431641,234.1050720214844,173.0454444734078
2024-10-22,2024-10-23,234.1050720214844,229.0430145263672,173.17217478393874
2024-10-23,2024-10-24,229.0430145263672,228.8544464111328,171.96226589408755
2024-10-24,2024-10-25,228.8544464111328,229.688217163086,173.03730458930679
2024-10-25,2024-10-28,229.688217163086,231.6633758544922,173.15679996280568
2024-10-28,2024-10-29,231.6633758544922,231.931381225586,173.10251137605283
2024-10-29,2024-10-30,231.931381225586,228.3879395,173.09437149195182
2024-10-30,2024-10-31,228.3879395,224.22911071777344,172.01258870224729
2024-10-31,2024-11-01,224.22911071777344,221.25143432617188,172.01621323776246
2024-11-01,2024-11-04,221.25143432617188,220.35812377929688,172.10446619966297
2024-11-04,2024-11-05,220.35812377929688,221.7873992919922,173.16789278105074
2024-11-05,2024-11-06,221.7873992919922,221.06285095214844,173.20240936735442
2024-11-06,2024-11-07,221.06285095214844,225.78741455078125,173.12736094201304
2024-11-07,2024-11-08,225.78741455078125,225.5191650390625,173.19876381715642
2024-11-08,2024-11-11,225.5191650390625,222.80645751953125,172.9513658182254
2024-11-11,2024-11-12,222.80645751953125,222.80645751953125,172.11850535280746
2024-11-12,2024-11-13,222.80645751953125,223.6908264160156,172.9513658182254
2024-11-13,2024-11-14,223.6908264160156,226.77114868164065,173.14237372209658
2024-11-14,2024-11-15,226.77114868164065,223.5715789794922,173.14711274594097
2024-11-15,2024-11-18,223.5715789794922,226.57241821289065,172.0845165297493
2024-11-18,2024-11-19,226.57241821289065,226.8307647705078,173.1527734515074
2024-11-19,2024-11-20,226.8307647705078,227.54620361328125,173.1607558428648
2024-11-20,2024-11-21,227.54620361328125,227.0692443847656,173.148034427663
2024-11-21,2024-11-22,227.0692443847656,228.41065979003903,173.16340924879609
2024-11-22,2024-11-25,228.41065979003903,231.3916016,173.09209236328678
2024-11-25,2024-11-26,231.3916016,233.56771850585932,173.30124339090577
2024-11-26,2024-11-27,233.56771850585932,233.43853759765625,172.95950570232642
2024-11-27,2024-11-29,233.43853759765625,235.8233337402344,173.20202762751092
2024-11-29,2024-12-02,235.8233337402344,238.06895446777344,173.1369075406594
2024-12-02,2024-12-03,238.06895446777344,241.10952758789065,173.15679996280568
2024-12-03,2024-12-04,241.10952758789065,241.46725463867188,173.1369075406594
2024-12-04,2024-12-05,241.46725463867188,241.4970703,173.1864653026843
2024-12-05,2024-12-06,241.4970703,241.2983245849609,173.03730458930679
2024-12-06,2024-12-09,241.2983245849609,245.1835021972656,173.03617794813923
2024-12-09,2024-12-10,245.1835021972656,246.1970367431641,173.1339107272032
2024-12-10,2024-12-11,246.1970367431641,244.9251708984375,173.19051834901677
2024-12-11,2024-12-12,244.9251708984375,246.38584899902344,173.07417338775957
2024-12-12,2024-12-13,246.38584899902344,246.55474853515625,173.1885662667007
2024-12-13,2024-12-16,246.55474853515625,249.44625854492188,173.18451322036822
2024-12-16,2024-12-17,249.44625854492188,251.8707733154297,173.1369075406594
2024-12-17,2024-12-18,251.8707733154297,246.4752655029297,173.148034427663
2024-12-18,2024-12-19,246.4752655029297,248.2041931152344,171.96226589408755
2024-12-19,2024-12-20,248.2041931152344,252.87437438964844,173.148034427663
2024-12-20,2024-12-23,252.87437438964844,253.6494141,173.3054259216268
2024-12-23,2024-12-24,253.6494141,256.5608215332031,172.95541886455786
2024-12-24,2024-12-26,256.5608215332031,257.3755798339844,173.18505216757958
2024-12-26,2024-12-27,257.3755798339844,253.9673767089844,173.04135763563923
2024-12-27,2024-12-30,253.9673767089844,250.59890747070312,172.05932274494475
2024-12-30,2024-12-31,250.59890747070312,248.8302001953125,172.1325604089404
